Name,Team,Age,Pos,GP,G,A,PPP,P,PIM,+/-,TOI,ES,PP,SH,G/60,A/60,P/60,ESG/60,ESA/60,ESP/60,PPG/60,PPA/60,PPP/60,G/GP,A/GP,P/GP,SHOTS,SH%,HITS,BS
David Pastrnak,BOS,25,RW,70,48,47,38,95,40,21,18:57,15:11,3:45,0:00,2.17,2.125,4.295,1.58,1.636,3.216,4.559,4.103,8.662,0.686,0.671,1.357,279,17.2%,47,22
Connor McDavid,EDM,24,C,64,34,63,43,97,28,-6,21:51,17:52,3:53,0:06,1.458,2.701,4.159,1.206,1.626,2.832,2.653,7.718,10.37,0.531,0.984,1.516,212,16.0%,37,18
Evgeni Malkin,PIT,35,C,55,25,49,24,74,58,7,19:31,15:48,3:41,0:01,1.397,2.738,4.135,1.243,2.209,3.452,2.068,5.022,7.09,0.455,0.891,1.345,171,14.6%,38,22
Leon Draisaitl,EDM,26,C,71,43,67,44,110,18,-7,22:36,17:53,3:50,0:52,1.607,2.504,4.111,1.275,1.842,3.117,3.516,6.154,9.67,0.606,0.944,1.549,218,19.7%,27,19
Artemi Panarin,NYR,30,LW,69,32,63,24,95,20,36,20:36,16:51,3:43,0:01,1.351,2.659,4.009,1.29,2.374,3.664,1.631,3.96,5.591,0.464,0.913,1.377,209,15.3%,25,18
Nikita Kucherov,TBL,26,RW,68,33,52,25,85,38,26,18:51,15:17,3:33,0:00,1.544,2.433,3.977,1.673,1.788,3.461,0.992,5.208,6.2,0.485,0.765,1.25,210,15.7%,37,19
Brad Marchand,BOS,33,LW,70,28,59,28,87,82,25,19:27,14:10,3:41,1:34,1.234,2.6,3.834,1.33,2.055,3.384,1.161,5.341,6.502,0.4,0.843,1.243,185,15.1%,55,19
Nathan MacKinnon,COL,26,C,69,35,58,31,93,12,13,21:14,17:03,4:07,0:04,1.432,2.374,3.806,1.173,1.989,3.161,2.532,4.009,6.541,0.507,0.841,1.348,318,11.0%,51,31
Steven Stamkos,TBL,31,C,57,29,37,19,66,22,14,18:25,14:37,3:17,0:30,1.657,2.114,3.772,1.368,2.016,3.384,3.204,2.883,6.087,0.509,0.649,1.158,176,16.5%,69,38
Mika Zibanejad,NYR,28,C,57,41,34,27,75,14,9,21:37,15:20,3:40,2:37,1.995,1.655,3.65,1.579,1.373,2.951,4.302,3.442,7.744,0.719,0.596,1.316,208,19.7%,51,49
Jonathan Huberdeau,FLA,28,LW,69,23,55,29,78,30,5,18:46,15:10,3:34,0:01,1.065,2.548,3.613,1.031,1.776,2.808,1.217,5.843,7.061,0.333,0.797,1.13,152,15.1%,51,26
Sidney Crosby,PIT,34,C,41,16,31,17,47,15,-8,20:15,16:06,3:51,0:18,1.155,2.238,3.394,1.09,1.635,2.726,1.52,4.94,6.46,0.39,0.756,1.146,109,14.7%,28,17
Patrick Kane,CHI,33,RW,70,33,51,23,84,40,8,21:20,17:36,3:42,0:01,1.325,2.048,3.374,1.218,1.753,2.971,1.849,3.467,5.316,0.471,0.729,1.2,275,12.0%,24,19
Travis Konecny,PHI,24,RW,66,24,37,23,61,28,-1,16:48,13:54,2:52,0:01,1.298,2.002,3.3,1.241,1.241,2.483,1.583,5.699,7.282,0.364,0.561,0.924,141,17.0%,63,30
Kevin Fiala,MIN,25,LW,64,23,31,18,54,42,-1,15:24,12:58,2:23,0:01,1.4,1.887,3.287,1.011,1.589,2.6,3.527,3.527,7.055,0.359,0.484,0.844,175,13.1%,25,18
Auston Matthews,TOR,24,C,70,47,33,25,80,8,19,20:58,17:44,3:11,0:02,1.921,1.349,3.27,1.691,0.966,2.658,3.218,3.486,6.704,0.671,0.471,1.143,290,16.2%,40,60
Andrei Svechnikov,CAR,21,RW,68,24,37,20,61,54,9,16:44,13:45,2:57,0:00,1.265,1.95,3.216,1.154,1.474,2.628,1.79,4.177,5.968,0.353,0.544,0.897,183,13.1%,116,27
Jake Guentzel,PIT,27,RW,39,20,23,10,43,14,11,20:37,17:11,3:10,0:16,1.492,1.715,3.207,1.253,1.701,2.954,2.909,1.939,4.848,0.513,0.59,1.103,127,15.8%,46,19
Mitchell Marner,TOR,24,RW,59,16,51,24,67,16,6,21:33,16:07,3:13,2:11,0.755,2.406,3.161,0.63,2.017,2.647,1.894,5.681,7.575,0.271,0.864,1.136,154,10.4%,24,37
Elias Pettersson,VAN,23,C,68,27,39,24,66,18,16,18:31,14:37,3:52,0:01,1.286,1.857,3.143,1.146,1.388,2.534,1.82,3.641,5.461,0.397,0.574,0.971,162,16.7%,63,42
Jack Eichel,BUF,23,C,68,36,42,27,78,34,5,22:06,17:56,3:52,0:16,1.437,1.677,3.114,1.18,1.279,2.459,2.502,3.639,6.141,0.529,0.618,1.147,227,15.9%,40,42
J.T. Miller,VAN,28,LW,69,27,45,25,72,47,11,20:06,15:37,3:52,0:36,1.168,1.947,3.114,1.002,1.502,2.504,2.022,3.596,5.618,0.391,0.652,1.043,165,16.4%,123,38
Max Pacioretty,VGK,33,LW,71,32,34,19,66,44,18,17:54,15:25,2:27,0:01,1.51,1.604,3.114,1.314,1.26,2.574,2.758,3.792,6.55,0.451,0.479,0.93,307,10.4%,90,35
Bryan Rust,PIT,29,LW,55,27,29,17,56,30,14,19:45,15:19,2:47,1:38,1.49,1.601,3.091,1.281,1.352,2.633,3.118,3.508,6.626,0.491,0.527,1.018,151,17.9%,71,35
Mikko Rantanen,COL,25,RW,42,19,22,14,41,14,-2,18:56,15:26,3:30,0:00,1.432,1.659,3.091,1.018,1.481,2.499,3.265,2.449,5.714,0.452,0.524,0.976,107,17.8%,28,23
Brayden Point,TBL,25,C,66,25,39,13,64,11,28,18:53,15:33,3:16,0:03,1.203,1.877,3.081,0.994,1.988,2.981,2.219,1.387,3.606,0.379,0.591,0.97,141,17.7%,24,30
Andre Burakovsky,COL,26,RW,58,20,25,11,45,22,11,15:12,12:48,2:23,0:00,1.361,1.701,3.062,1.453,1.292,2.745,0.868,3.906,4.774,0.345,0.431,0.776,103,19.4%,26,34
Mike Hoffman,MTL,32,LW,69,29,30,21,59,28,-5,16:50,13:09,3:39,0:01,1.498,1.549,3.047,1.19,1.322,2.512,2.615,2.377,4.992,0.42,0.435,0.855,214,13.6%,33,22
Jakub Vrana,DET,24,LW,69,25,27,12,52,18,3,14:52,12:55,1:56,0:01,1.461,1.578,3.038,1.615,1.077,2.692,0.448,4.925,5.373,0.362,0.391,0.754,187,13.4%,29,16
Sebastian Aho,CAR,24,C,68,38,28,17,66,26,10,19:25,14:46,2:50,1:48,1.726,1.272,2.998,1.553,1.075,2.628,2.478,2.788,5.266,0.559,0.412,0.971,206,18.5%,55,20
Mark Stone,VGK,28,RW,65,21,42,17,63,27,15,19:24,14:58,2:30,1:55,0.999,1.997,2.996,0.925,1.85,2.774,2.203,4.04,6.243,0.323,0.646,0.969,168,12.5%,56,51
Nikolaj Ehlers,WPG,23,LW,71,25,33,5,58,30,14,16:31,15:10,1:19,0:01,1.278,1.687,2.965,1.17,1.727,2.897,1.906,1.271,3.177,0.352,0.465,0.817,203,12.3%,36,28
Patrice Bergeron,BOS,36,C,61,31,25,20,56,28,23,18:44,13:24,3:36,1:43,1.627,1.312,2.938,1.393,1.173,2.567,2.992,2.448,5.44,0.508,0.41,0.918,203,15.3%,46,46
Kyle Connor,WPG,25,LW,71,38,35,17,73,34,4,21:05,16:44,3:17,1:02,1.523,1.403,2.925,1.413,1.312,2.725,2.306,2.05,4.356,0.535,0.493,1.028,239,15.9%,18,17
John Tavares,TOR,31,C,63,26,34,21,60,24,-7,19:32,16:31,3:00,0:01,1.267,1.656,2.923,1.095,1.153,2.248,2.214,4.429,6.643,0.413,0.54,0.952,197,13.2%,32,31
Matthew Tkachuk,CGY,24,RW,69,23,38,19,61,74,-5,18:18,15:28,2:50,0:00,1.092,1.805,2.897,1.012,1.349,2.361,1.534,4.294,5.828,0.333,0.551,0.884,188,12.2%,122,22
Teuvo Teräväinen,CAR,25,LW,68,15,48,21,63,8,20,19:11,14:24,3:00,1:46,0.69,2.207,2.896,0.612,1.714,2.326,1.174,4.989,6.162,0.221,0.706,0.926,182,8.2%,18,30
Patrik Laine,CBJ,23,LW,68,28,35,16,63,22,8,19:24,16:10,3:13,0:00,1.273,1.591,2.864,1.09,1.472,2.563,2.188,2.188,4.376,0.412,0.515,0.926,226,12.4%,97,35
Alexander Ovechkin,WSH,36,LW,68,48,19,18,67,30,-12,20:39,15:45,4:53,0:01,2.05,0.811,2.861,1.96,0.784,2.744,2.346,0.902,3.248,0.706,0.279,0.985,311,15.4%,184,30
William Nylander,TOR,25,RW,68,31,28,17,59,12,-2,18:12,15:18,2:53,0:00,1.502,1.357,2.859,1.268,1.153,2.42,2.753,2.448,5.201,0.456,0.412,0.868,197,15.7%,9,14
Jakub Vorácek,CBJ,32,LW,69,12,44,17,56,31,14,17:02,14:04,2:56,0:01,0.612,2.245,2.857,0.494,1.916,2.411,1.181,3.837,5.017,0.174,0.638,0.812,132,9.1%,17,21
Blake Wheeler,WPG,35,RW,71,22,43,22,65,37,1,19:18,15:24,3:15,0:39,0.963,1.882,2.844,0.933,1.317,2.25,1.037,4.667,5.704,0.31,0.606,0.915,180,12.2%,102,51
Mark Scheifele,WPG,28,C,71,29,44,20,73,45,2,21:48,18:15,3:18,0:14,1.124,1.705,2.829,0.88,1.574,2.454,2.555,2.555,5.111,0.408,0.62,1.028,170,17.1%,34,49
Dominik Kubalik,CHI,25,RW,68,30,16,8,46,16,2,14:22,12:24,1:56,0:01,1.841,0.982,2.824,1.85,0.854,2.704,1.811,1.811,3.621,0.441,0.235,0.676,157,19.1%,79,17
Aleksander Barkov,FLA,26,C,66,20,42,20,62,18,2,20:00,15:30,3:23,1:06,0.908,1.908,2.816,0.762,1.641,2.403,1.877,3.486,5.363,0.303,0.636,0.939,172,11.6%,21,35
Anthony Mantha,WSH,26,LW,43,16,22,9,38,34,-7,18:53,15:49,3:03,0:00,1.182,1.625,2.806,0.882,1.675,2.557,2.741,1.37,4.111,0.372,0.512,0.884,137,11.7%,49,25
Nicklas Bäckström,WSH,32,C,61,12,42,18,54,14,-1,19:01,15:02,3:45,0:13,0.62,2.172,2.792,0.654,1.7,2.353,0.524,4.195,4.719,0.197,0.689,0.885,132,9.1%,30,45
Evgeny Kuznetsov,WSH,29,C,63,19,33,12,52,40,-2,17:49,14:37,3:10,0:01,1.015,1.763,2.779,0.846,1.757,2.604,1.801,1.801,3.602,0.302,0.524,0.825,129,14.7%,35,16
David Perron,STL,33,LW,71,25,35,27,60,52,2,18:19,15:18,2:58,0:01,1.153,1.615,2.768,0.884,0.939,1.822,2.55,5.1,7.651,0.352,0.493,0.845,166,15.1%,67,19
Ryan Nugent-Hopkins,EDM,28,LW,65,22,39,24,61,33,1,20:28,15:00,3:44,1:42,0.992,1.759,2.751,0.922,1.353,2.275,1.725,4.189,5.914,0.338,0.6,0.938,172,12.8%,33,44
Brayden Schenn,STL,30,RW,71,25,33,21,58,44,3,18:27,15:22,2:51,0:13,1.145,1.511,2.655,0.824,1.209,2.033,2.961,3.257,6.218,0.352,0.465,0.817,138,18.1%,119,21
John Carlson,WSH,31,D,69,15,60,26,75,26,12,24:36,19:06,4:00,1:29,0.53,2.12,2.65,0.591,1.638,2.229,0.434,5.207,5.641,0.217,0.87,1.087,189,7.9%,55,108
Jaden Schwartz,STL,28,LW,71,22,35,20,57,18,3,18:10,15:09,2:48,0:12,1.023,1.627,2.65,0.725,1.338,2.063,2.711,3.313,6.024,0.31,0.493,0.803,162,13.6%,60,28
Johnny Gaudreau,CGY,28,LW,70,18,40,18,58,12,-10,18:46,15:51,2:53,0:00,0.822,1.827,2.649,0.649,1.513,2.162,1.775,3.55,5.325,0.257,0.571,0.829,209,8.6%,1,11
Mathew Barzal,NYI,24,C,68,19,41,12,60,44,5,20:02,17:23,2:38,0:00,0.837,1.806,2.642,0.761,1.674,2.435,1.339,2.679,4.018,0.279,0.603,0.882,171,11.1%,22,43
Filip Forsberg,NSH,27,LW,63,21,27,14,48,29,-7,17:21,14:05,2:51,0:23,1.153,1.482,2.635,0.946,1.351,2.297,2.328,2.328,4.656,0.333,0.429,0.762,198,10.6%,82,27
Robert Thomas,STL,20,RW,66,10,32,7,42,18,9,14:33,13:07,1:25,0:00,0.624,1.998,2.622,0.623,1.801,2.424,0.638,3.825,4.463,0.152,0.485,0.636,87,11.5%,13,13
Jonathan Toews,CHI,31,C,70,18,42,8,60,48,-2,19:46,14:32,3:18,1:55,0.78,1.82,2.6,0.943,2.063,3.006,0.259,1.812,2.07,0.257,0.6,0.857,172,10.5%,56,35
Sean Couturier,PHI,28,C,69,22,37,13,59,30,21,19:49,15:02,2:45,2:02,0.965,1.622,2.587,1.041,1.619,2.661,1.26,2.834,4.094,0.319,0.536,0.855,185,11.9%,60,26
Brendan Gallagher,MTL,28,RW,59,22,21,5,43,29,9,16:54,14:49,2:03,0:01,1.323,1.263,2.586,1.44,1.166,2.605,0.495,1.982,2.477,0.373,0.356,0.729,226,9.7%,53,29
Ryan Strome,NYR,28,RW,70,18,41,17,59,48,21,19:35,14:23,2:57,2:14,0.788,1.794,2.582,0.893,1.548,2.442,0.871,4.065,4.937,0.257,0.586,0.843,154,11.7%,45,32
Brock Boeser,VAN,24,RW,57,16,29,14,45,14,4,18:34,14:25,4:07,0:01,0.907,1.644,2.551,0.803,1.459,2.262,1.277,2.298,3.575,0.281,0.509,0.789,169,9.5%,28,14
Reilly Smith,VGK,30,RW,71,27,27,5,54,20,17,17:54,14:05,1:53,1:55,1.274,1.274,2.548,1.319,1.379,2.697,1.338,0.892,2.229,0.38,0.38,0.761,169,16.0%,55,30
Victor Olofsson,BUF,26,LW,54,20,22,17,42,6,-1,18:23,14:56,3:19,0:07,1.209,1.33,2.538,0.67,1.19,1.86,3.679,2.007,5.686,0.37,0.407,0.778,127,15.8%,10,16
Anze Kopitar,LAK,34,C,70,21,41,21,62,16,6,21:02,16:21,2:52,1:47,0.856,1.67,2.526,0.681,1.414,2.095,2.081,4.163,6.244,0.3,0.586,0.886,135,15.6%,49,56
Brock Nelson,NYI,30,C,68,26,28,7,54,32,6,18:51,15:15,2:01,1:34,1.216,1.31,2.526,1.273,1.446,2.719,1.738,1.304,3.042,0.382,0.412,0.794,175,14.9%,49,44
Jason Zucker,PIT,27,RW,60,20,21,12,41,21,-4,16:20,13:56,2:17,0:06,1.224,1.285,2.51,0.933,1.148,2.081,3.045,2.175,5.221,0.333,0.35,0.683,111,18.0%,53,23
Ryan O'Reilly,STL,30,C,71,12,49,18,61,10,11,20:34,15:32,2:53,2:08,0.493,2.013,2.506,0.49,1.795,2.284,0.584,4.674,5.258,0.169,0.69,0.859,118,10.2%,16,42
Cale Makar,COL,23,D,57,12,38,19,50,12,12,21:00,17:11,3:43,0:06,0.601,1.904,2.505,0.49,1.409,1.899,1.13,4.239,5.37,0.211,0.667,0.877,121,9.9%,45,47
Taylor Hall,BOS,29,LW,65,16,36,18,52,34,-14,19:10,15:30,3:27,0:12,0.77,1.733,2.503,0.714,1.31,2.024,1.066,3.732,4.798,0.246,0.554,0.8,232,6.9%,47,29
Chris Kreider,NYR,30,LW,63,24,21,13,45,58,13,17:14,13:45,3:28,0:01,1.325,1.159,2.485,1.039,1.177,2.216,2.471,1.098,3.569,0.381,0.333,0.714,156,15.4%,116,42
Nick Schmaltz,ARI,23,LW,70,11,34,13,45,20,3,15:32,13:16,2:14,0:00,0.607,1.876,2.483,0.581,1.485,2.066,0.763,4.199,4.962,0.157,0.486,0.643,95,11.6%,12,36
Jonathan Marchessault,VGK,31,C,66,22,25,12,47,28,6,17:17,15:03,2:13,0:00,1.157,1.315,2.472,0.966,1.147,2.113,2.46,2.46,4.92,0.333,0.379,0.712,235,9.4%,99,12
Dylan Strome,CHI,22,RW,58,12,26,8,38,16,1,15:56,13:18,2:36,0:01,0.779,1.687,2.466,0.777,1.554,2.332,0.795,2.384,3.178,0.207,0.448,0.655,97,12.4%,23,29
Oliver Bjorkstrand,CBJ,26,LW,49,21,15,6,36,12,8,17:56,15:27,2:28,0:00,1.433,1.024,2.457,1.427,0.951,2.378,1.48,1.48,2.961,0.429,0.306,0.735,162,13.0%,43,16
Gabriel Landeskog,COL,29,LW,54,21,23,15,44,47,-2,20:01,16:11,3:47,0:03,1.165,1.276,2.441,1.03,0.961,1.991,1.759,2.638,4.396,0.389,0.426,0.815,145,14.5%,86,35
Tomas Hertl,SJS,28,C,48,16,20,7,36,16,-18,18:26,14:24,2:35,1:26,1.084,1.355,2.439,1.041,1.301,2.342,0.968,2.419,3.387,0.333,0.417,0.75,117,13.7%,29,25
Conor Garland,VAN,25,RW,68,22,17,10,39,20,1,14:09,12:02,2:05,0:00,1.372,1.06,2.431,1.318,0.806,2.124,1.683,2.524,4.207,0.324,0.25,0.574,158,13.9%,26,21
Nazem Kadri,COL,31,C,51,19,17,11,36,97,7,17:25,13:30,3:47,0:07,1.283,1.148,2.43,1.306,0.87,2.176,1.241,2.172,3.413,0.373,0.333,0.706,133,14.3%,61,9
Timo Meier,SJS,25,RW,70,22,27,9,49,42,-22,17:17,14:29,2:06,0:41,1.09,1.338,2.429,1.183,1.183,2.366,0.813,2.846,3.66,0.314,0.386,0.7,199,11.1%,155,38
Logan Couture,SJS,32,C,52,16,23,9,39,18,0,18:31,14:05,2:45,1:41,0.996,1.432,2.429,1.311,0.983,2.294,0,3.774,3.774,0.308,0.442,0.75,126,12.7%,54,45
Claude Giroux,FLA,33,C,69,21,32,20,53,28,7,18:59,14:57,3:06,0:55,0.962,1.466,2.428,0.756,1.047,1.803,1.961,3.641,5.602,0.304,0.464,0.768,197,10.7%,45,16
Anthony DeAngelo,NYR,24,D,68,15,38,19,53,47,12,19:17,16:09,3:04,0:02,0.686,1.738,2.425,0.655,1.201,1.856,0.86,4.588,5.448,0.221,0.559,0.779,149,10.1%,48,57
Alex Killorn,TBL,32,LW,68,26,23,13,49,20,19,17:55,13:09,2:35,2:12,1.28,1.132,2.412,1.207,1.207,2.415,2.721,1.7,4.421,0.382,0.338,0.721,130,20.0%,59,15
Pavel Buchnevich,STL,26,LW,68,16,30,9,46,24,2,16:55,14:36,2:17,0:01,0.834,1.564,2.397,0.725,1.509,2.234,1.535,1.919,3.454,0.235,0.441,0.676,148,10.8%,80,22
Evgeny Dadonov,FLA,30,RW,69,25,22,17,47,10,-7,17:06,13:45,3:20,0:00,1.271,1.118,2.389,0.885,1.012,1.897,2.863,1.561,4.424,0.362,0.319,0.681,167,15.0%,29,24
Martin Necas,CAR,22,C,64,16,20,9,36,20,-6,14:10,12:20,1:48,0:01,1.059,1.324,2.382,0.836,1.216,2.052,2.599,2.079,4.679,0.25,0.313,0.563,88,18.2%,65,19
Torey Krug,STL,30,D,61,9,40,28,49,33,-4,20:29,16:30,3:53,0:05,0.432,1.92,2.352,0.417,0.834,1.251,0.507,6.586,7.092,0.148,0.656,0.803,144,6.3%,36,48
Elias Lindholm,CGY,27,RW,70,29,25,19,54,22,-8,19:43,14:48,2:49,2:05,1.26,1.086,2.346,1.216,0.81,2.026,2.423,3.332,5.755,0.414,0.357,0.771,169,17.2%,93,41
Pierre-Luc Dubois,WPG,23,C,70,18,31,10,49,49,-2,17:55,15:09,2:40,0:06,0.86,1.482,2.342,0.961,1.244,2.205,0.321,2.887,3.208,0.257,0.443,0.7,158,11.4%,85,50
Bo Horvat,VAN,26,C,69,22,31,16,53,21,-15,19:43,15:36,3:42,0:24,0.97,1.366,2.336,0.557,1.504,2.06,2.814,0.938,3.752,0.319,0.449,0.768,178,12.4%,55,66
T.J. Oshie,WSH,33,RW,69,26,23,12,49,26,4,18:17,14:33,3:34,0:08,1.236,1.093,2.329,0.955,1.254,2.209,2.428,0.486,2.913,0.377,0.333,0.71,133,19.6%,90,58
Jordan Eberle,SEA,31,RW,58,16,24,11,40,12,1,17:48,15:12,2:35,0:00,0.929,1.394,2.323,0.816,1.156,1.973,1.595,2.791,4.386,0.276,0.414,0.69,136,11.8%,37,39
William Karlsson,VGK,28,C,63,15,31,8,46,16,11,18:51,14:59,1:57,1:55,0.757,1.565,2.322,0.699,1.398,2.097,0.973,2.92,3.893,0.238,0.492,0.73,138,10.9%,40,38
Patric Hörnqvist,PIT,32,LW,52,17,15,7,32,36,9,15:55,12:35,3:20,0:00,1.231,1.086,2.318,1.284,1.009,2.292,1.035,1.38,2.415,0.327,0.288,0.615,168,10.1%,107,41
Clayton Keller,ARI,23,LW,70,17,27,15,44,28,-6,16:17,13:34,2:41,0:01,0.894,1.42,2.314,0.947,0.884,1.831,0.636,4.131,4.767,0.243,0.386,0.629,184,9.2%,20,13
Tyler Toffoli,CGY,29,RW,68,24,20,10,44,20,-1,16:49,13:45,2:09,0:54,1.258,1.048,2.307,1.219,0.962,2.181,2.037,2.037,4.073,0.353,0.294,0.647,203,11.8%,48,16
Jesper Bratt,NJD,23,RW,60,16,16,6,32,6,-6,13:58,11:56,2:00,0:01,1.144,1.144,2.289,1.256,0.921,2.178,0.497,2.484,2.981,0.267,0.267,0.533,101,15.8%,29,22
Zach Hyman,EDM,29,LW,51,21,16,6,37,23,13,19:05,16:07,1:05,1:52,1.294,0.986,2.279,1.24,0.948,2.188,3.21,3.21,6.421,0.412,0.314,0.725,106,19.8%,52,23
Sean Monahan,CGY,26,C,70,22,26,16,48,25,-16,18:04,15:11,2:51,0:01,1.043,1.233,2.276,0.79,1.016,1.806,2.394,2.394,4.788,0.314,0.371,0.686,166,13.3%,65,22
Tyler Seguin,DAL,27,C,69,17,33,15,50,22,-2,19:08,15:52,2:33,0:42,0.772,1.499,2.27,0.767,1.15,1.917,1.018,4.074,5.092,0.246,0.478,0.725,245,6.9%,90,31
Matt Duchene,NSH,28,C,66,13,29,11,42,24,-4,16:52,14:12,2:38,0:01,0.7,1.562,2.262,0.512,1.471,1.983,1.718,2.061,3.779,0.197,0.439,0.636,136,9.6%,40,22
Evander Kane,EDM,30,RW,64,26,21,18,47,122,-12,19:32,15:27,2:43,1:21,1.248,1.008,2.255,0.606,1.031,1.637,4.826,1.379,6.205,0.406,0.328,0.734,216,12.0%,135,25
Joshua Bailey,NYI,32,LW,68,14,29,9,43,10,-12,16:53,13:39,1:47,1:26,0.731,1.514,2.245,0.71,1.421,2.131,0.981,3.434,4.415,0.206,0.426,0.632,94,14.9%,20,48
Roope Hintz,DAL,25,C,60,19,14,14,33,16,3,14:44,12:27,1:57,0:20,1.288,0.949,2.237,1.124,0.241,1.365,1.527,5.6,7.127,0.317,0.233,0.55,120,15.8%,73,28
Anthony Duclair,FLA,26,RW,66,23,17,8,40,18,-5,16:16,12:45,2:34,0:56,1.285,0.95,2.235,1.14,0.998,2.138,1.766,1.06,2.826,0.348,0.258,0.606,184,12.5%,53,39
Alex DeBrincat,CHI,24,RW,70,18,27,16,45,15,-10,17:29,14:00,3:28,0:00,0.882,1.323,2.205,0.49,1.285,1.775,2.466,1.48,3.945,0.257,0.386,0.643,207,8.7%,58,19
Ondrej Palat,TBL,30,LW,69,17,24,8,41,22,25,16:10,14:01,1:19,0:50,0.914,1.29,2.203,0.744,1.24,1.985,2.622,2.622,5.244,0.246,0.348,0.594,128,13.3%,146,61
Vincent Trocheck,CAR,28,C,62,11,27,7,38,49,-8,16:43,14:14,1:58,0:31,0.636,1.562,2.199,0.612,1.428,2.04,0.49,2.942,3.433,0.177,0.435,0.613,141,7.8%,101,37
Roman Josi,NSH,29,D,69,16,49,23,65,41,22,25:46,20:29,3:16,2:00,0.54,1.653,2.193,0.509,1.273,1.782,1.061,5.041,6.102,0.232,0.71,0.942,260,6.2%,52,108
Dougie Hamilton,CAR,27,D,47,14,26,12,40,32,30,23:17,17:47,3:09,2:19,0.768,1.426,2.193,0.861,1.076,1.937,0.807,4.036,4.844,0.298,0.553,0.851,170,8.2%,52,63
Max Domi,CAR,26,C,71,17,27,11,44,35,-3,17:05,14:45,2:19,0:01,0.84,1.335,2.175,0.916,0.974,1.89,0.364,3.64,4.004,0.239,0.38,0.62,179,9.5%,32,13
Nicholas Suzuki,MTL,22,C,71,13,28,14,41,6,-15,15:59,13:31,2:10,0:17,0.687,1.48,2.167,0.437,1.25,1.687,2.335,3.113,5.448,0.183,0.394,0.577,138,9.4%,64,32
Adam Henrique,ANA,31,C,71,26,17,9,43,22,-2,16:52,13:59,2:19,0:33,1.302,0.852,2.154,1.269,0.786,2.054,1.817,1.454,3.27,0.366,0.239,0.606,169,15.4%,75,32
Mikael Backlund,CGY,32,C,70,16,29,10,45,26,3,17:55,14:55,1:24,1:35,0.765,1.387,2.152,0.574,1.263,1.837,1.831,4.273,6.105,0.229,0.414,0.643,157,10.2%,44,11
Mats Zuccarello,MIN,34,RW,65,15,22,7,37,18,-9,15:56,13:26,2:28,0:01,0.869,1.274,2.143,0.824,1.236,2.06,1.122,1.496,2.617,0.231,0.338,0.569,96,15.6%,13,36
Quinton Hughes,VAN,22,D,68,8,45,25,53,22,-10,21:53,18:01,3:48,0:02,0.323,1.814,2.137,0.245,1.126,1.371,0.694,5.092,5.786,0.118,0.662,0.779,126,6.4%,7,46
Rickard Rakell,PIT,28,RW,65,15,27,9,42,12,-5,18:09,15:08,2:21,0:39,0.762,1.372,2.134,0.731,1.097,1.828,1.172,2.345,3.517,0.231,0.415,0.646,186,8.1%,81,29
Tom Wilson,WSH,27,RW,68,21,23,7,44,93,-3,18:15,14:23,1:50,2:01,1.014,1.111,2.126,0.92,1.226,2.146,2.389,0.955,3.344,0.309,0.338,0.647,154,13.6%,253,58
Phillip Danault,LAK,28,C,71,13,34,4,47,32,18,18:50,14:45,1:33,2:30,0.583,1.526,2.109,0.687,1.775,2.462,0.54,1.621,2.161,0.183,0.479,0.662,131,9.9%,119,37
Dylan Larkin,DET,25,C,71,19,34,14,53,39,-21,21:14,17:15,3:13,0:45,0.756,1.352,2.108,0.685,1.224,1.909,1.309,2.356,3.665,0.268,0.479,0.746,223,8.5%,52,45
Sam Reinhart,FLA,26,C,69,22,28,12,50,20,-15,20:37,17:06,3:27,0:02,0.927,1.18,2.108,0.864,1.067,1.931,1.255,1.757,3.013,0.319,0.406,0.725,144,15.3%,36,27
Rasmus Dahlin,BUF,21,D,59,4,36,19,40,38,-7,19:17,15:50,3:21,0:05,0.211,1.897,2.108,0.128,1.22,1.348,0.606,5.147,5.753,0.068,0.61,0.678,90,4.4%,72,51
Anthony Cirelli,TBL,24,RW,68,16,28,5,44,30,28,18:27,14:43,0:57,2:48,0.765,1.338,2.103,0.839,1.378,2.217,0.924,3.698,4.622,0.235,0.412,0.647,113,14.2%,89,47
Tyler Bertuzzi,DET,24,LW,71,21,27,14,48,40,-23,19:18,15:59,3:08,0:10,0.919,1.181,2.1,0.951,0.846,1.797,0.807,2.957,3.764,0.296,0.38,0.676,129,16.3%,71,30
Jared McCann,SEA,25,C,66,14,21,6,35,17,6,15:14,13:03,1:41,0:30,0.835,1.252,2.087,0.836,1.184,2.02,1.077,2.155,3.232,0.212,0.318,0.53,150,9.3%,89,27
Victor Hedman,TBL,31,D,66,11,44,22,55,31,27,24:03,18:36,3:05,2:21,0.416,1.663,2.078,0.342,1.27,1.612,1.176,5.292,6.468,0.167,0.667,0.833,155,7.1%,73,97
Anders Lee,NYI,29,LW,68,20,23,7,43,47,8,18:17,15:59,2:17,0:00,0.965,1.11,2.075,0.993,0.993,1.987,0.772,1.931,2.704,0.294,0.338,0.632,195,10.3%,102,50
Jamie Benn,DAL,32,LW,69,19,20,14,39,53,-4,16:26,13:45,2:23,0:16,1.005,1.058,2.063,0.695,0.885,1.58,2.902,2.176,5.078,0.275,0.29,0.565,163,11.7%,167,57
Nico Hischier,NJD,20,C,58,14,22,10,36,12,-16,18:03,14:27,2:41,0:55,0.802,1.26,2.062,0.787,0.931,1.718,0.77,3.078,3.848,0.241,0.379,0.621,123,11.4%,48,37
Andrew Mangiapane,CGY,25,LW,68,17,15,1,32,18,4,13:42,13:10,0:30,0:00,1.095,0.966,2.061,1.139,0.938,2.077,0,1.709,1.709,0.25,0.221,0.471,109,15.6%,73,25
Jake DeBrusk,BOS,23,LW,65,19,16,10,35,14,-1,16:03,13:29,2:33,0:00,1.093,0.92,2.013,0.822,0.89,1.711,2.524,1.082,3.605,0.292,0.246,0.538,161,11.8%,35,15
Kevin Hayes,PHI,28,C,69,23,18,7,41,34,-6,17:43,14:04,1:38,2:00,1.128,0.883,2.011,0.927,0.927,1.853,2.116,1.587,3.704,0.333,0.261,0.594,175,13.1%,88,22
Craig Smith,BOS,32,RW,69,18,13,7,31,34,18,13:25,11:07,2:17,0:00,1.166,0.842,2.008,1.095,0.782,1.877,1.515,1.136,2.651,0.261,0.188,0.449,184,9.8%,60,19
Gustav Nyquist,CBJ,30,LW,70,15,27,9,42,16,4,18:01,14:47,2:34,0:39,0.713,1.283,1.996,0.637,1.216,1.854,0.997,1.994,2.991,0.214,0.386,0.6,151,9.9%,37,26
Ryan Ellis,NSH,28,D,49,8,30,9,38,19,16,23:30,18:56,2:13,2:21,0.417,1.563,1.98,0.388,1.487,1.875,1.105,3.866,4.971,0.163,0.612,0.776,114,7.0%,48,96
Jean-Gabriel Pageau,NYI,29,C,67,26,16,10,42,49,4,19:08,15:07,1:46,2:14,1.216,0.748,1.964,1.066,0.474,1.54,2.517,2.517,5.034,0.388,0.239,0.627,151,17.2%,128,53
Brady Tkachuk,OTT,22,LW,71,21,23,8,44,106,-14,18:56,15:57,2:55,0:03,0.937,1.026,1.963,1.006,0.9,1.906,0.578,1.733,2.31,0.296,0.324,0.62,259,8.1%,303,43
Roman Josi,NSH,31,D,61,15,17,9,32,20,-33,16:08,13:35,2:32,0:00,0.914,1.035,1.949,0.651,1.013,1.664,2.321,1.161,3.482,0.246,0.279,0.525,111,13.5%,75,14
Ryan Dzingel,CAR,27,RW,64,8,21,9,29,30,3,14:09,11:55,2:11,0:01,0.53,1.391,1.921,0.314,1.258,1.572,1.707,2.133,3.84,0.125,0.328,0.453,98,8.2%,36,25
Adam Fox,NYR,23,D,70,8,34,13,42,32,22,18:54,16:47,1:58,0:07,0.363,1.542,1.904,0.357,1.123,1.48,0.432,5.189,5.621,0.114,0.486,0.6,125,6.4%,35,92
Vladislav Namestnikov,COL,27,LW,65,17,14,4,31,45,-5,15:03,11:47,1:31,1:44,1.042,0.858,1.9,0.862,0.783,1.645,1.208,1.208,2.416,0.262,0.215,0.477,98,17.4%,108,47
Charlie Coyle,BOS,27,RW,70,16,21,5,37,21,9,16:47,14:01,1:52,0:54,0.817,1.072,1.889,0.795,1.039,1.834,0.459,1.835,2.294,0.229,0.3,0.529,145,11.0%,83,34
Ryan Johansen,NSH,29,C,68,14,22,9,36,45,-5,17:03,13:28,2:41,0:53,0.724,1.138,1.862,0.655,1.048,1.703,0.985,1.969,2.954,0.206,0.324,0.529,101,13.9%,39,34
Alex Pietrangelo,VGK,31,D,70,16,36,22,52,20,11,24:11,19:14,3:05,1:50,0.567,1.276,1.843,0.445,0.846,1.291,1.661,4.43,6.092,0.229,0.514,0.743,225,7.1%,47,89
Yanni Gourde,SEA,30,RW,70,10,20,6,30,49,-5,14:03,11:52,0:42,1:27,0.609,1.219,1.828,0.505,1.01,1.516,1.213,6.067,7.28,0.143,0.286,0.429,110,9.1%,78,20
Chris Tierney,OTT,25,LW,71,11,26,2,37,20,-6,17:11,13:55,0:56,2:19,0.541,1.278,1.819,0.364,1.457,1.821,0.897,0.897,1.794,0.155,0.366,0.521,102,10.8%,44,37
Viktor Arvidsson,LAK,28,RW,57,15,13,8,28,26,-4,16:12,13:09,2:28,0:34,0.975,0.845,1.819,0.88,0.72,1.601,1.706,1.706,3.411,0.263,0.228,0.491,127,11.8%,27,24
Pavel Zacha,NJD,24,LW,65,8,24,8,32,14,-12,16:16,12:35,1:38,2:01,0.454,1.362,1.816,0.22,1.246,1.466,1.687,2.812,4.5,0.123,0.369,0.492,97,8.3%,62,19
Connor Brown,OTT,27,RW,71,16,27,4,43,24,-6,20:06,15:50,1:40,2:36,0.672,1.134,1.807,0.694,1.28,1.974,1.52,0.507,2.027,0.225,0.38,0.606,173,9.3%,39,35
Joel Eriksson Ek,MIN,24,C,62,8,21,1,29,22,7,15:43,13:39,0:04,1:59,0.493,1.293,1.786,0.496,1.418,1.914,13.043,0,13.043,0.129,0.339,0.468,102,7.8%,93,43
Nino Niederreiter,CAR,29,RW,67,11,18,11,29,42,-3,14:49,12:54,1:52,0:01,0.665,1.088,1.753,0.486,0.763,1.248,1.909,3.341,5.25,0.164,0.269,0.433,115,9.6%,52,19
Shea Theodore,VGK,26,D,71,13,33,16,46,25,12,22:14,18:59,3:06,0:08,0.494,1.254,1.748,0.49,0.801,1.291,0.272,4.079,4.351,0.183,0.465,0.648,219,5.9%,20,69
Erik Karlsson,SJS,31,D,56,6,34,13,40,16,-15,24:31,18:56,3:00,2:34,0.262,1.486,1.748,0.226,1.245,1.471,0.357,4.28,4.637,0.107,0.607,0.714,120,5.0%,26,74
Kristopher Letang,PIT,34,D,61,15,29,15,44,38,0,25:43,20:00,3:30,2:12,0.574,1.109,1.682,0.443,0.983,1.426,1.68,2.52,4.199,0.246,0.475,0.721,177,8.5%,101,91
Joe Pavelski,DAL,37,C,67,14,17,11,31,29,6,16:55,13:30,2:37,0:47,0.74,0.899,1.64,0.53,0.729,1.26,2.041,1.701,3.741,0.209,0.254,0.463,125,11.2%,62,52
Zachary Werenski,CBJ,22,D,63,20,21,13,41,10,9,23:59,19:16,2:43,1:58,0.794,0.834,1.628,0.692,0.642,1.334,1.745,2.792,4.538,0.317,0.333,0.651,187,10.7%,36,58
Neal Pionk,WPG,26,D,71,6,39,25,45,32,10,23:22,19:32,2:55,0:53,0.217,1.41,1.627,0.13,0.735,0.865,0.867,6.355,7.221,0.085,0.549,0.634,177,3.4%,165,78
Mikael Granlund,NSH,29,RW,63,17,13,6,30,28,-4,17:48,14:34,2:26,0:46,0.909,0.695,1.605,0.784,0.719,1.503,1.557,0.779,2.336,0.27,0.206,0.476,130,13.1%,42,55
Aaron Ekblad,FLA,25,D,67,5,36,6,41,26,12,22:58,19:29,1:26,2:01,0.195,1.403,1.598,0.23,1.332,1.561,0,3.72,3.72,0.075,0.537,0.612,147,3.4%,34,84
Tyson Barrie,EDM,30,D,70,5,34,12,39,16,-7,21:52,19:10,2:40,0:02,0.196,1.332,1.528,0.179,1.028,1.207,0.321,3.534,3.856,0.071,0.486,0.557,169,3.0%,47,76
Brent Burns,SJS,36,D,70,12,33,17,45,34,-22,25:24,20:10,2:46,2:28,0.405,1.113,1.518,0.297,0.85,1.147,1.549,3.717,5.266,0.171,0.471,0.643,225,5.3%,72,115
John Klingberg,DAL,29,D,58,6,26,17,32,22,-10,22:09,19:19,2:32,0:18,0.28,1.213,1.494,0.214,0.589,0.803,0.813,6.097,6.91,0.103,0.448,0.552,120,5.0%,29,72
Nate Schmidt,VGK,28,D,59,7,24,7,31,12,11,21:40,19:02,1:02,1:35,0.328,1.126,1.454,0.32,0.961,1.282,0.972,5.835,6.807,0.119,0.407,0.525,112,6.3%,25,91
Mikhail Sergachyov,TBL,23,D,70,10,24,13,34,58,15,20:22,17:19,1:52,1:09,0.421,1.01,1.431,0.198,0.791,0.989,2.286,3.657,5.943,0.143,0.343,0.486,118,8.5%,106,99
Jeff Petry,MTL,33,D,71,11,29,12,40,26,-10,23:38,19:08,2:24,2:05,0.393,1.037,1.43,0.309,0.883,1.192,1.055,3.164,4.218,0.155,0.408,0.563,158,7.0%,177,79
Ryan Pulock,NYI,25,D,68,10,25,8,35,14,8,22:24,19:09,1:46,1:29,0.394,0.984,1.378,0.323,0.922,1.244,1.498,2.497,3.996,0.147,0.368,0.515,163,6.1%,110,139
Jared Spurgeon,MIN,32,D,62,12,20,13,32,18,-1,22:34,17:37,2:29,2:26,0.514,0.857,1.372,0.494,0.549,1.043,1.162,3.874,5.036,0.194,0.323,0.516,112,10.7%,61,102
Samuel Girard,COL,22,D,70,4,30,13,34,17,1,21:18,18:48,2:24,0:05,0.161,1.207,1.367,0.137,0.82,0.957,0.356,4.272,4.628,0.057,0.429,0.486,96,4.2%,46,92
Jaccob Slavin,CAR,25,D,68,6,30,3,36,10,30,23:24,19:23,0:54,3:06,0.226,1.131,1.357,0.273,1.183,1.456,0,2.894,2.894,0.088,0.441,0.529,145,4.1%,43,107
Miro Heiskanen,DAL,22,D,68,8,27,7,35,12,14,23:46,19:24,2:17,2:04,0.297,1.002,1.299,0.364,0.909,1.273,0,2.699,2.699,0.118,0.397,0.515,163,4.9%,40,84
Oscar Klefbom,EDM,26,D,62,5,29,18,34,24,-17,25:24,19:17,3:37,2:29,0.19,1.104,1.295,0.15,0.652,0.803,0.533,4.264,4.797,0.081,0.468,0.548,159,3.1%,45,180
Seth Jones,CHI,27,D,56,6,24,9,30,20,10,25:16,20:17,2:34,2:25,0.254,1.017,1.271,0.211,0.845,1.056,0.833,2.914,3.747,0.107,0.429,0.536,126,4.8%,62,123
Thomas Chabot,OTT,24,D,71,6,33,11,39,42,-18,26:00,22:30,3:15,0:14,0.195,1.072,1.267,0.225,0.826,1.052,0,2.854,2.854,0.085,0.465,0.549,186,3.2%,79,85
Ivan Provorov,PHI,23,D,69,13,23,16,36,24,11,24:50,19:03,3:02,2:44,0.455,0.805,1.26,0.274,0.593,0.867,1.999,2.57,4.57,0.188,0.333,0.522,150,8.7%,84,111
Rasmus Ristolainen,BUF,25,D,69,6,27,9,33,46,-2,22:47,18:13,2:19,2:15,0.229,1.03,1.259,0.191,0.907,1.098,0.748,2.617,3.364,0.087,0.391,0.478,128,4.7%,203,82
Josh Morrissey,WPG,24,D,65,5,26,12,31,24,1,22:45,20:03,1:44,0:57,0.203,1.054,1.257,0.184,0.69,0.874,0.529,5.815,6.344,0.077,0.4,0.477,120,4.2%,34,59
Mattias Ekholm,NSH,30,D,68,8,25,5,33,32,-1,23:22,19:13,1:19,2:49,0.302,0.944,1.246,0.321,0.872,1.194,0,3.325,3.325,0.118,0.368,0.485,154,5.2%,49,100
Charlie McAvoy,BOS,24,D,67,5,27,2,32,41,24,23:09,19:59,1:20,1:49,0.193,1.044,1.237,0.179,1.12,1.299,0.664,0.664,1.328,0.075,0.403,0.478,101,5.0%,131,132
Drew Doughty,LAK,31,D,67,7,28,14,35,36,-16,25:48,20:35,3:06,2:06,0.243,0.971,1.214,0.087,0.783,0.87,1.439,2.59,4.028,0.104,0.418,0.522,141,5.0%,106,87
Filip Hronek,DET,24,D,65,9,22,10,31,46,-38,23:53,18:07,2:52,2:53,0.348,0.85,1.198,0.408,0.662,1.07,0.321,2.886,3.207,0.138,0.338,0.477,125,7.2%,105,74
Darnell Nurse,EDM,26,D,71,5,28,5,33,48,-2,23:27,20:21,1:03,2:02,0.18,1.009,1.189,0.208,0.955,1.162,0,3.981,3.981,0.07,0.394,0.465,170,2.9%,172,141
Oliver Ekman-Larsson,ARI,29,D,66,9,21,7,30,38,-3,23:00,18:16,2:40,2:04,0.356,0.83,1.185,0.299,0.796,1.095,0.681,1.702,2.383,0.136,0.318,0.455,135,6.7%,129,65
Damon Severson,NJD,25,D,69,8,23,10,31,52,-20,22:57,18:31,1:59,2:27,0.303,0.871,1.174,0.235,0.751,0.986,1.31,3.058,4.368,0.116,0.333,0.449,114,7.0%,81,97